<?xml version="1.0" encoding="UTF-8"?>
<metadata xml:lang="ko"><Esri><CreaDate>20170829</CreaDate><CreaTime>13105800</CreaTime><ArcGISFormat>1.0</ArcGISFormat><SyncOnce>TRUE</SyncOnce><DataProperties><itemProps><itemLocation><linkage Sync="TRUE">file://\\DESKTOP-G1TK646\D$\Lecture_2017.08\QGIS_Lecture\vector\GIS_Data\A04_Seoul_Block_Card_Data_Point</linkage><protocol Sync="TRUE">Local Area Network</protocol></itemLocation></itemProps><copyHistory><copy source="D:\D_2017.07\qGIS\vector\2nd\A04_Seoul_Block_Card_Data_Point" dest="\\DESKTOP-G1TK646\D$\Lecture_2017.08\QGIS_Lecture\vector\GIS_Data\A04_Seoul_Block_Card_Data_Point" date="20170829" time="13105800"></copy></copyHistory></DataProperties></Esri></metadata>
