순위,선수명,팀명,AVG,G,PA,AB,R,H,2B,3B,HR,TB,RBI,SAC,SF,XBH,GO,AO,GO/AO,GW RBI,BB/K,P/PA,ISOP,XR,GPA
1,유한준,넥센,0.364,101,436,376,82,137,35,1,19,231,84,0,6,55,97,95,1.02,7,1,4,0.25,88.4,0.351
2,박병호,넥센,0.349,106,476,410,100,143,29,1,42,300,111,0,3,72,70,74,0.95,10,0.42,4.07,0.383,113.3,0.378
3,홍성갑,넥센,0.333,7,10,9,0,3,0,0,0,3,2,0,0,0,2,0,-,0,0.25,4.7,0,1.3,0.263
4,고종욱,넥센,0.324,85,328,299,59,97,22,3,8,149,40,3,1,33,73,67,1.09,6,0.3,3.89,0.174,47.9,0.293
5,유재신,넥센,0.318,44,26,22,17,7,2,0,0,9,3,2,0,2,6,2,3,0,0.29,4.08,0.091,4.2,0.271
6,김민성,넥센,0.316,96,405,370,53,117,21,0,14,180,65,0,3,35,95,105,0.9,2,0.45,3.98,0.17,61.1,0.287
7,이택근,넥센,0.311,68,253,219,40,68,10,0,8,102,21,1,2,18,60,57,1.05,1,0.78,4.19,0.155,38.2,0.293
8,윤석민,넥센,0.3,99,389,333,52,100,22,1,13,163,67,5,6,36,96,84,1.14,5,0.63,3.85,0.189,59.2,0.292
9,스나이더,넥센,0.295,79,339,295,62,87,21,1,17,161,53,3,3,39,39,75,0.52,1,0.31,4.14,0.251,58.8,0.304
10,김하성,넥센,0.287,103,436,383,68,110,28,4,14,188,57,3,4,46,80,106,0.75,3,0.46,4.22,0.204,66.8,0.285
11,강지광,넥센,0.278,13,21,18,3,5,0,0,0,5,2,0,0,0,1,3,0.33,0,0.22,3.52,0,2.3,0.241
12,박동원,넥센,0.273,90,322,278,35,76,8,1,12,122,47,8,4,21,78,61,1.28,11,0.36,3.69,0.165,44.1,0.265
13,김재현,넥센,0.273,41,49,44,6,12,2,0,1,17,3,2,0,3,9,12,0.75,0,0.18,3.69,0.114,5.5,0.24
14,김지수,넥센,0.26,79,121,104,19,27,4,0,0,31,11,6,1,4,36,26,1.38,0,0.56,3.59,0.038,10.6,0.219
15,서건창,넥센,0.253,47,193,166,20,42,12,2,1,61,18,6,1,15,70,45,1.56,1,2,3.51,0.114,20.4,0.241
16,문우람,넥센,0.252,48,121,107,21,27,9,0,2,42,21,1,3,11,27,30,0.9,1,0.31,4.01,0.14,14,0.237
17,송성문,넥센,0.25,7,12,12,0,3,0,0,0,3,1,0,0,0,4,2,2,0,0,2.83,0,0.7,0.175
18,박헌도,넥센,0.247,81,213,178,28,44,11,0,7,76,31,1,2,18,46,44,1.05,4,0.61,4.26,0.18,28.1,0.268
19,유선정,넥센,0.24,17,27,25,1,6,0,0,0,6,2,0,0,0,6,8,0.75,0,0.4,3.78,0,1.6,0.193
20,서동욱,넥센,0.169,40,83,71,9,12,3,0,2,21,5,1,0,5,14,10,1.4,1,0.29,4.58,0.127,6.4,0.2
21,임병욱,넥센,0.16,25,30,25,7,4,1,0,1,8,2,0,0,2,1,6,0.17,0,0.36,4.17,0.16,1.9,0.215
22,김민준,넥센,0,2,2,1,1,0,0,0,0,0,0,0,0,0,1,0,-,0,-,7,0,0.3,0.225
22,마정길,넥센,-,1,0,0,0,0,0,0,0,0,0,0,0,0,0,0,-,0,-,-,-,0,0
22,문성현,넥센,-,1,0,0,0,0,0,0,0,0,0,0,0,0,0,0,-,0,-,-,-,0,0
1,고영민,두산,0.383,28,52,47,8,18,1,0,2,25,10,0,1,3,6,11,0.55,1,0.31,3.71,0.149,8.9,0.323
2,양의지,두산,0.344,94,371,320,55,110,20,0,17,181,70,1,5,37,56,113,0.5,9,0.57,3.77,0.222,70.8,0.33
3,민병헌,두산,0.331,92,402,350,64,116,17,1,11,168,57,4,5,29,91,92,0.99,3,0.66,3.84,0.149,64.9,0.3
4,박건우,두산,0.329,45,91,79,16,26,5,0,4,43,14,2,0,9,17,23,0.74,2,0.62,3.48,0.215,16,0.318
5,김재호,두산,0.326,97,361,304,52,99,20,3,2,131,38,11,5,25,72,109,0.66,4,1.31,3.88,0.105,52.2,0.288
6,허경민,두산,0.321,76,264,240,38,77,14,2,1,98,23,5,2,17,81,63,1.29,1,0.62,3.61,0.088,33.3,0.265
7,김현수,두산,0.318,100,449,380,68,121,21,0,15,187,79,0,5,36,107,112,0.96,10,1.31,3.51,0.174,74,0.308
8,오재일,두산,0.29,35,107,93,19,27,4,1,8,57,19,0,0,13,21,19,1.11,2,0.5,3.77,0.323,19.9,0.326
9,오재원,두산,0.286,92,366,322,45,92,16,2,11,145,52,5,3,29,89,78,1.14,5,0.48,4.14,0.165,51.6,0.271
10,정수빈,두산,0.279,87,392,337,53,94,19,4,0,121,43,11,6,23,126,80,1.58,3,0.7,3.74,0.08,43.6,0.245
11,로메로,두산,0.267,53,232,202,23,54,12,0,10,96,43,0,7,22,42,71,0.59,4,0.46,3.76,0.208,34.4,0.268
12,홍성흔,두산,0.252,65,258,218,28,55,7,0,3,71,28,4,0,10,65,57,1.14,3,0.8,4.01,0.073,27.1,0.243
13,최주환,두산,0.245,67,178,155,24,38,8,0,2,52,14,3,0,10,52,46,1.13,1,1,4,0.09,16.3,0.233
14,정진호,두산,0.241,63,158,141,34,34,5,3,4,57,18,3,0,12,51,38,1.34,3,0.78,3.49,0.163,19,0.241
15,유민상,두산,0.24,10,30,25,4,6,0,0,1,9,6,0,1,1,7,8,0.88,2,0.6,3.97,0.12,3.7,0.24
16,김재환,두산,0.235,48,180,153,24,36,8,0,7,65,22,1,2,15,44,36,1.22,2,0.56,3.86,0.19,22.5,0.257
17,장민석,두산,0.212,26,41,33,10,7,0,0,0,7,3,1,1,0,11,6,1.83,0,0.5,3.9,0,3.2,0.199
18,국해성,두산,0.211,10,25,19,6,4,1,0,1,8,5,1,2,2,6,6,1,0,0.4,3.52,0.211,2.8,0.237
19,최재훈,두산,0.186,51,77,70,5,13,2,0,0,15,7,1,1,2,23,23,1,0,0.08,3.62,0.029,2.3,0.16
20,김진형,두산,0.167,14,21,18,3,3,2,0,1,8,2,0,0,3,4,4,1,0,0.43,3.9,0.278,2.1,0.24
21,양종민,두산,0.143,26,16,14,6,2,0,0,1,5,2,0,0,1,1,7,0.14,0,0.5,3.63,0.214,1.2,0.202
22,루츠,두산,0.111,8,30,27,2,3,0,0,1,6,3,0,1,1,10,9,1.11,0,0.33,3.83,0.111,0.9,0.131
23,노경은,두산,-,1,0,0,0,0,0,0,0,0,0,0,0,0,0,0,-,0,-,-,-,0,0
23,류지혁,두산,0,2,1,1,0,0,0,0,0,0,0,0,0,0,0,0,-,0,0,6,0,-0.1,0
23,양현,두산,-,1,0,0,0,0,0,0,0,0,0,0,0,0,0,0,-,0,-,-,-,0,0
23,함덕주,두산,-,2,0,0,0,0,0,0,0,0,0,0,0,0,0,0,-,0,-,-,-,0,0
1,강민호,롯데,0.313,92,359,294,52,92,13,1,29,194,73,0,0,43,62,59,1.05,7,0.67,4.26,0.347,75.7,0.362
2,손아섭,롯데,0.31,79,336,284,50,88,17,0,9,132,33,0,3,26,84,43,1.95,5,0.67,4.22,0.155,54.9,0.3
3,아두치,롯데,0.309,96,431,376,79,116,26,4,21,213,78,1,4,51,103,74,1.39,6,0.49,4.05,0.258,79.9,0.315
4,황재균,롯데,0.3,107,449,407,76,122,32,2,23,227,74,3,6,57,84,114,0.74,5,0.33,3.72,0.258,72.1,0.296
5,최준석,롯데,0.299,107,461,378,54,113,12,1,20,187,72,1,1,33,98,65,1.51,5,0.78,4.51,0.196,75.9,0.314
6,김문호,롯데,0.284,71,243,215,26,61,11,0,1,75,20,2,2,12,72,46,1.57,1,0.53,3.78,0.065,26.2,0.246
7,정훈,롯데,0.281,101,420,359,56,101,17,1,6,138,45,4,2,24,97,87,1.11,1,0.54,4.05,0.103,52.3,0.265
8,이우민,롯데,0.281,43,105,89,15,25,2,0,4,39,12,7,0,6,28,12,2.33,0,0.25,3.83,0.157,14.1,0.266
9,안중열,롯데,0.275,57,86,80,11,22,5,0,1,30,8,2,0,6,26,15,1.73,1,0.24,3.3,0.1,8,0.233
10,김주현,롯데,0.271,28,52,48,4,13,3,0,1,19,9,1,0,4,14,7,2,2,0.21,3.88,0.125,5,0.24
11,박종윤,롯데,0.271,70,265,255,25,69,9,3,4,96,26,1,1,16,91,70,1.3,5,0.19,3.44,0.106,24.2,0.225
12,오윤석,롯데,0.269,23,29,26,5,7,1,0,0,8,1,1,0,1,6,5,1.2,0,0.25,3.97,0.038,1.9,0.221
13,손용석,롯데,0.255,24,51,47,3,12,2,0,0,14,0,3,0,2,16,13,1.23,0,0.17,3.12,0.043,3.3,0.196
14,오승택,롯데,0.251,88,215,199,36,50,9,0,6,77,26,3,1,15,39,45,0.87,2,0.14,3.64,0.136,22.1,0.228
15,김민하,롯데,0.241,54,141,116,18,28,6,0,1,37,8,3,0,7,23,25,0.92,3,0.45,3.91,0.078,14.2,0.243
16,문규현,롯데,0.232,75,219,194,19,45,8,0,2,59,18,10,2,10,68,52,1.31,0,0.39,3.63,0.072,16.1,0.201
17,오현근,롯데,0.222,11,22,18,1,4,0,0,0,4,2,1,0,0,7,4,1.75,0,1,4.18,0,1.5,0.205
18,김대우,롯데,0.194,27,80,72,6,14,1,1,2,23,7,2,0,4,18,10,1.8,0,0.17,4.13,0.125,5.8,0.195
19,김준태,롯데,0.158,15,21,19,0,3,0,0,0,3,0,0,0,0,3,5,0.6,0,0.25,3.81,0,0.7,0.147
20,임재철,롯데,0.154,38,63,52,6,8,2,0,1,13,3,3,0,3,18,10,1.8,1,0.44,4.52,0.096,3.8,0.183
21,강동수,롯데,0.125,22,8,8,2,1,0,0,0,1,0,0,0,0,1,0,-,0,0,4.63,0,-0.2,0.088
22,김대륙,롯데,0.122,41,49,41,4,5,0,0,0,5,0,2,0,0,14,9,1.56,0,0.46,4,0,0.2,0.136
23,김재유,롯데,0,8,8,7,0,0,0,0,0,0,0,0,0,0,4,0,-,0,0,3.38,0,-0.3,0.056
23,박세웅,롯데,-,1,0,0,0,0,0,0,0,0,0,0,0,0,0,0,-,0,-,-,-,0,0
23,박준서,롯데,0,3,5,5,0,0,0,0,0,0,0,0,0,0,2,0,-,0,0,3.6,0,-0.5,0
23,박진형,롯데,-,1,0,0,0,0,0,0,0,0,0,0,0,0,0,0,-,0,-,-,-,0,0
23,배장호,롯데,-,1,0,0,0,0,0,0,0,0,0,0,0,0,0,0,-,0,-,-,-,0,0
23,백민기,롯데,0,8,9,7,1,0,0,0,0,0,0,0,0,0,5,1,5,0,1,3.44,0,0,0.1
23,심수창,롯데,-,2,0,0,0,0,0,0,0,0,0,0,0,0,0,0,-,0,-,-,-,0,0
23,이성민,롯데,-,3,0,0,0,0,0,0,0,0,0,0,0,0,0,0,-,0,-,-,-,0,0
1,이승엽,삼성,0.341,98,421,375,72,128,21,1,21,214,74,0,6,43,89,113,0.79,8,0.69,3.89,0.229,78.8,0.322
2,구자욱,삼성,0.341,103,405,361,82,123,30,4,9,188,48,0,3,43,80,92,0.87,2,0.55,3.96,0.18,71.5,0.313
3,채태인,삼성,0.324,68,245,213,22,69,13,0,3,91,28,0,3,16,46,39,1.18,5,0.42,3.88,0.103,34.7,0.287
4,진갑용,삼성,0.324,39,73,68,8,22,2,0,3,33,10,0,1,5,20,18,1.11,1,0.44,3.82,0.162,10.7,0.281
5,박석민,삼성,0.321,99,412,336,69,108,20,0,18,182,80,0,7,38,79,85,0.93,8,0.77,4.21,0.22,78.2,0.329
6,최형우,삼성,0.319,107,469,404,68,129,24,0,27,234,97,0,6,51,87,120,0.73,15,0.7,4.04,0.26,86.6,0.325
7,이지영,삼성,0.311,90,284,254,24,79,8,1,1,92,41,15,3,10,90,62,1.45,2,0.35,3.16,0.051,31.2,0.243
8,박한이,삼성,0.3,57,264,230,45,69,10,4,8,111,36,3,1,22,78,43,1.81,3,0.73,3.95,0.183,38.6,0.291
9,박해민,삼성,0.299,107,429,375,69,112,16,6,0,140,31,11,1,22,117,60,1.95,5,0.46,3.97,0.075,56.7,0.259
10,나바로,삼성,0.274,106,488,412,91,113,16,1,34,233,100,0,6,51,112,136,0.82,7,1.16,4.2,0.291,88.7,0.31
11,백상원,삼성,0.261,41,85,69,9,18,5,0,0,23,7,2,1,5,20,12,1.67,1,0.6,4.6,0.072,9.5,0.251
12,김상수,삼성,0.26,95,371,323,43,84,18,3,5,123,45,9,6,26,101,106,0.95,4,0.76,3.74,0.121,44.4,0.241
13,이흥련,삼성,0.236,50,74,72,9,17,6,0,1,26,15,1,0,7,22,14,1.57,2,0.05,3.53,0.125,5.5,0.201
14,이영욱,삼성,0.227,38,26,22,8,5,2,0,0,7,2,0,0,2,5,2,2.5,0,0.3,4.35,0.091,2.4,0.235
15,최선호,삼성,0.206,13,36,34,4,7,1,0,0,8,1,2,0,1,7,10,0.7,0,0,3.17,0.029,1.7,0.151
16,우동균,삼성,0.197,25,71,61,12,12,3,0,0,15,4,1,0,3,21,18,1.17,0,0.9,4.13,0.049,4.3,0.197
17,박찬도,삼성,0.16,83,59,50,17,8,0,1,0,10,6,4,0,1,10,18,0.56,0,0.29,4.05,0.04,2.5,0.156
18,김정혁,삼성,0.143,8,16,14,0,2,0,0,0,2,1,1,0,0,4,6,0.67,0,0.5,3.88,0,0.3,0.126
19,김재현,삼성,0.08,49,28,25,3,2,0,0,0,2,1,2,0,0,8,5,1.6,1,0.1,3.5,0,-1.1,0.072
20,강봉규,삼성,0,5,8,6,0,0,0,0,0,0,0,0,0,0,2,1,2,0,0.33,3.25,0,0.1,0.113
20,김태완,삼성,0,4,6,5,0,0,0,0,0,0,0,0,0,0,0,3,0,0,0.5,6.33,0,-0.1,0.075
20,심창민,삼성,-,1,0,0,0,0,0,0,0,0,0,0,0,0,0,0,-,0,-,-,-,0,0
20,윤영수,삼성,-,1,0,0,0,0,0,0,0,0,0,0,0,0,0,0,-,0,-,-,-,0,0
20,이상훈,삼성,0,3,7,6,0,0,0,0,0,0,0,1,0,0,3,1,3,0,0,3.86,0,-0.5,0
20,임창용,삼성,-,2,0,0,0,0,0,0,0,0,0,0,0,0,0,0,-,0,-,-,-,0,0
1,박노민,한화,0.4,14,17,15,1,6,0,0,0,6,4,0,0,0,3,0,-,0,0.33,4.29,0,2.8,0.312
2,정현석,한화,0.378,11,49,45,9,17,2,0,0,19,5,0,0,2,13,10,1.3,0,0.8,3.53,0.044,7.7,0.299
3,김경언,한화,0.356,70,287,247,37,88,13,1,11,136,59,3,2,25,56,47,1.19,8,0.57,4.09,0.194,53,0.333
4,이용규,한화,0.337,89,422,356,79,120,11,6,3,152,33,8,4,20,137,74,1.85,3,1.55,3.94,0.09,69.3,0.296
5,김태균,한화,0.332,101,395,298,51,99,24,0,19,180,90,0,4,43,91,56,1.63,9,1.46,4.24,0.272,81.3,0.37
6,정근우,한화,0.312,89,382,321,69,100,24,1,5,141,51,10,1,30,113,63,1.79,11,0.98,3.61,0.128,55.1,0.291
7,이시찬,한화,0.3,24,57,50,6,15,1,0,0,16,5,1,2,1,15,13,1.15,0,0.33,3.98,0.02,5.4,0.233
8,최진행,한화,0.296,74,281,226,38,67,9,0,14,118,46,3,3,23,47,43,1.09,4,0.63,4.14,0.226,49.2,0.318
9,이종환,한화,0.29,44,106,100,14,29,4,0,0,33,12,0,0,4,31,19,1.63,2,0.29,4.06,0.04,10.9,0.231
10,강경학,한화,0.287,84,280,230,40,66,6,2,2,82,21,13,1,10,74,52,1.42,3,0.79,4.09,0.07,34.3,0.261
11,모건,한화,0.273,10,42,33,2,9,2,0,0,11,5,0,1,2,11,6,1.83,1,0.5,3.93,0.061,5.3,0.266
12,장운호,한화,0.257,39,139,113,17,29,4,0,2,39,8,11,0,6,30,28,1.07,0,0.35,3.41,0.088,13.8,0.241
13,이성열,한화,0.25,79,217,188,27,47,8,2,7,80,25,5,1,17,37,31,1.19,3,0.19,3.85,0.176,26,0.255
13,지성준,한화,0.25,9,12,12,1,3,1,0,0,4,0,0,0,1,2,2,1,0,0,4.17,0.083,0.9,0.196
15,한상훈,한화,0.245,27,62,49,5,12,4,0,0,16,8,5,0,4,14,8,1.75,0,0.47,3.94,0.082,5,0.24
16,송광민,한화,0.243,12,41,37,2,9,2,0,0,11,1,1,0,2,12,5,2.4,0,0.18,3.61,0.054,3,0.209
17,김태완,한화,0.239,22,50,46,5,11,2,0,0,13,3,0,0,2,10,9,1.11,0,0.13,4.04,0.043,3.7,0.206
18,김회성,한화,0.219,65,205,169,27,37,10,1,10,79,22,3,1,21,33,62,0.53,0,0.63,4.06,0.249,28.2,0.271
19,주현상,한화,0.216,87,232,204,16,44,7,0,0,51,11,6,2,7,59,59,1,1,0.39,3.88,0.034,15.1,0.19
20,권용관,한화,0.209,95,277,239,27,50,8,1,3,69,20,15,1,12,68,64,1.06,1,0.24,3.93,0.079,18.7,0.196
21,신성현,한화,0.206,39,70,63,9,13,3,0,2,22,8,1,0,5,10,9,1.11,1,0.19,4.04,0.143,6.4,0.211
22,조인성,한화,0.203,71,201,177,22,36,6,0,5,57,23,9,0,11,45,33,1.36,0,0.21,3.55,0.119,15.2,0.2
23,허도환,한화,0.184,52,100,87,6,16,7,0,1,26,6,3,0,8,25,20,1.25,0,0.19,3.93,0.115,6.3,0.195
24,송주호,한화,0.182,91,135,121,14,22,3,0,0,25,4,6,0,3,38,30,1.27,0,0.23,3.54,0.025,5.9,0.157
24,폭스,한화,0.182,5,16,11,1,2,1,0,0,3,4,0,2,1,4,5,0.8,0,1.5,4.38,0.091,1.7,0.209
24,황선일,한화,0.182,12,24,22,1,4,2,0,0,6,2,0,0,2,6,7,0.86,0,0.2,3.58,0.091,1.3,0.181
27,고동진,한화,0.179,25,67,56,5,10,4,0,0,14,7,5,0,4,20,15,1.33,0,0.18,3.39,0.071,2.8,0.179
28,정범모,한화,0.149,39,105,87,3,13,2,0,0,15,10,7,1,2,29,24,1.21,1,0.41,3.47,0.023,3.7,0.149
29,권혁,한화,0,8,1,1,0,0,0,0,0,0,0,0,0,0,0,0,-,0,0,7,0,-0.1,0
29,김민우,한화,-,1,0,0,0,0,0,0,0,0,0,0,0,0,0,0,-,0,-,-,-,0,0
29,박성호,한화,-,1,0,0,0,0,0,0,0,0,0,0,0,0,0,0,-,0,-,-,-,0,0
29,박정진,한화,0,1,1,1,0,0,0,0,0,0,0,0,0,0,1,0,-,0,-,5,0,-0.1,0
29,박한길,한화,-,1,0,0,0,0,0,0,0,0,0,0,0,0,0,0,-,0,-,-,-,0,0
29,윤규진,한화,0,2,2,2,0,0,0,0,0,0,0,0,0,0,0,0,-,0,0,4,0,-0.2,0
29,이창열,한화,-,2,0,0,0,0,0,0,0,0,0,0,0,0,0,0,-,0,-,-,-,0,0
29,임익준,한화,0,2,3,2,0,0,0,0,0,0,1,0,1,0,2,1,2,0,-,5.67,0,0.2,0
29,정대훈,한화,-,2,0,0,0,0,0,0,0,0,0,0,0,0,0,0,-,0,-,-,-,0,0
29,조정원,한화,0,1,1,1,0,0,0,0,0,0,0,0,0,0,0,1,0,0,-,5,0,-0.1,0
29,채기영,한화,0,3,2,2,0,0,0,0,0,0,0,0,0,0,0,1,0,0,0,3,0,-0.2,0
1,황대인,KIA,0.5,5,12,12,1,6,1,0,1,10,2,0,0,2,2,2,1,0,0,2.92,0.333,3.2,0.433
2,김주찬,KIA,0.336,70,262,232,48,78,16,0,14,136,50,1,4,30,52,60,0.87,6,0.39,3.79,0.25,49.4,0.324
3,필,KIA,0.328,103,431,396,57,130,24,1,17,207,80,0,4,42,101,113,0.89,12,0.54,3.58,0.194,71.1,0.299
4,김민우,KIA,0.304,61,219,194,19,59,14,1,3,84,23,14,1,18,43,37,1.16,3,0.16,4.05,0.129,27.4,0.26
5,신종길,KIA,0.278,61,222,194,41,54,9,4,3,80,20,3,0,16,56,35,1.6,2,0.43,4.09,0.134,30.5,0.265
6,김주형,KIA,0.277,23,51,47,0,13,1,0,0,14,0,0,0,1,9,15,0.6,0,0.3,3.51,0.021,4.2,0.224
7,이범호,KIA,0.261,101,374,322,44,84,18,0,20,162,60,0,2,38,70,100,0.7,4,0.53,3.98,0.242,56.7,0.287
8,김원섭,KIA,0.26,70,222,173,35,45,10,2,5,74,25,4,2,17,56,51,1.1,2,1.78,4.41,0.168,33.7,0.289
9,김다원,KIA,0.258,78,215,190,27,49,9,0,4,70,24,0,2,13,49,42,1.17,3,0.23,4.05,0.111,23.7,0.243
10,최희섭,KIA,0.256,42,149,125,18,32,3,0,6,53,20,0,1,9,33,27,1.22,1,0.65,4.27,0.168,21.1,0.272
11,박찬호,KIA,0.25,30,73,68,9,17,4,0,0,21,3,1,0,4,21,15,1.4,0,0.27,3.95,0.059,6.2,0.209
12,백용환,KIA,0.244,31,90,78,16,19,2,0,7,42,20,0,1,9,19,14,1.36,3,0.37,4.69,0.295,13.9,0.284
13,이성우,KIA,0.24,62,118,104,8,25,7,0,1,35,13,4,1,8,37,24,1.54,2,0.47,3.85,0.096,9.7,0.218
14,나지완,KIA,0.238,76,269,227,32,54,8,0,7,83,25,0,2,15,55,61,0.9,1,0.46,4.2,0.128,30.3,0.249
15,김호령,KIA,0.231,82,245,221,28,51,10,2,1,68,19,6,0,13,60,42,1.43,1,0.22,3.9,0.077,21.2,0.207
16,최용규,KIA,0.227,61,189,172,22,39,4,3,2,55,18,1,2,9,55,40,1.38,1,0.33,4.2,0.093,16.5,0.207
17,이홍구,KIA,0.224,84,187,170,23,38,9,0,10,77,34,4,0,19,33,51,0.65,7,0.21,3.48,0.229,22.6,0.239
18,강한울,KIA,0.213,75,263,235,26,50,8,2,0,62,11,12,0,10,77,63,1.22,0,0.29,3.91,0.051,16.5,0.184
19,박기남,KIA,0.203,51,93,69,8,14,3,0,0,17,3,3,0,3,21,15,1.4,0,1.11,4.15,0.043,8.6,0.237
20,이인행,KIA,0.2,20,33,30,0,6,0,0,0,6,0,1,0,0,6,9,0.67,0,0.22,3.61,0,1.5,0.163
21,박준태,KIA,0.188,30,44,32,8,6,1,0,0,7,2,0,0,1,9,8,1.13,0,1.11,4.18,0.031,4.7,0.239
22,차일목,KIA,0.174,11,25,23,0,4,0,0,0,4,2,0,0,0,8,7,1.14,0,0.5,3.88,0,0.6,0.152
23,이은총,KIA,0.171,11,38,35,3,6,1,0,0,7,3,1,0,1,12,10,1.2,1,0.14,3.95,0.029,1.3,0.147
24,최병연,KIA,0.167,18,7,6,2,1,0,0,0,1,0,0,0,0,2,1,2,0,0,5.86,0,0.4,0.17
25,윤완주,KIA,0.111,12,19,18,1,2,1,0,0,3,1,0,1,1,7,7,1,0,0,3.74,0.056,0.1,0.089
26,이호신,KIA,0.108,30,42,37,5,4,1,0,0,5,2,1,0,1,12,11,1.09,0,0.3,4.24,0.027,0.7,0.122
27,오준혁,KIA,0.103,12,33,29,2,3,0,0,0,3,3,1,1,0,15,5,3,0,0.14,3.52,0,-0.7,0.096
28,노수광,KIA,0.091,7,13,11,2,1,1,0,0,2,1,0,0,1,2,2,1,0,0.33,4.92,0.091,0.5,0.149
29,고영우,KIA,0.045,49,23,22,10,1,0,0,0,1,0,1,0,0,9,6,1.5,0,0,3.96,0,-1.5,0.032
30,김광수,KIA,-,1,0,0,0,0,0,0,0,0,0,0,0,0,0,0,-,0,-,-,-,0,0
30,김병현,KIA,-,1,0,0,0,0,0,0,0,0,0,0,0,0,0,0,-,0,-,-,-,0,0
30,김준,KIA,-,1,0,0,0,0,0,0,0,0,0,0,0,0,0,0,-,0,-,-,-,0,0
30,김태영,KIA,-,3,0,0,0,0,0,0,0,0,0,0,0,0,0,0,-,0,-,-,-,0,0
30,문경찬,KIA,-,2,0,0,0,0,0,0,0,0,0,0,0,0,0,0,-,0,-,-,-,0,0
30,박정수,KIA,-,3,0,0,0,0,0,0,0,0,0,0,0,0,0,0,-,0,-,-,-,0,0
30,스틴슨,KIA,0,1,1,1,0,0,0,0,0,0,0,0,0,0,0,0,-,0,0,3,0,-0.1,0
30,심동섭,KIA,-,3,0,0,0,0,0,0,0,0,0,0,0,0,0,0,-,0,-,-,-,0,0
30,에반,KIA,-,1,0,0,0,0,0,0,0,0,0,0,0,0,0,0,-,0,-,-,-,0,0
30,윤석민,KIA,-,2,0,0,0,0,0,0,0,0,0,0,0,0,0,0,-,0,-,-,-,0,0
30,최영필,KIA,-,2,0,0,0,0,0,0,0,0,0,0,0,0,0,0,-,0,-,-,-,0,0
30,한기주,KIA,-,1,0,0,0,0,0,0,0,0,0,0,0,0,0,0,-,0,-,-,-,0,0
30,한승혁,KIA,-,4,0,0,0,0,0,0,0,0,0,0,0,0,0,0,-,0,-,-,-,0,0
30,험버,KIA,-,1,0,0,0,0,0,0,0,0,0,0,0,0,0,0,-,0,-,-,-,0,0
30,홍건희,KIA,-,1,0,0,0,0,0,0,0,0,0,0,0,0,0,0,-,0,-,-,-,0,0
30,황수현,KIA,0,1,2,2,0,0,0,0,0,0,0,0,0,0,0,1,0,0,0,4,0,-0.2,0
1,김선민,kt,0.5,4,2,2,1,1,0,0,0,1,0,0,0,0,0,1,0,0,-,1,0,0.4,0.35
2,마르테,kt,0.361,78,329,285,60,103,22,1,16,175,69,0,7,39,54,90,0.6,5,0.78,3.61,0.253,66.4,0.345
3,댄블랙,kt,0.349,28,121,109,16,38,5,1,7,66,20,0,0,13,20,24,0.83,3,0.37,3.82,0.257,24.7,0.337
4,오정복,kt,0.29,32,149,124,21,36,9,0,4,57,22,1,1,13,46,32,1.44,4,1.82,4.23,0.169,23.3,0.295
5,이대형,kt,0.29,106,476,421,70,122,16,3,0,144,30,8,1,19,178,48,3.71,1,0.54,3.7,0.052,55.8,0.247
6,장성호,kt,0.289,47,108,90,7,26,4,0,0,30,14,0,1,4,31,19,1.63,0,1.07,4.44,0.044,13.2,0.262
7,김민혁,kt,0.288,61,138,118,12,34,1,3,0,41,7,7,0,4,40,21,1.9,0,0.48,3.96,0.059,14.4,0.248
8,박경수,kt,0.281,104,411,334,56,94,21,0,16,163,49,5,3,37,77,78,0.99,4,0.67,4.3,0.207,66.4,0.302
9,윤요섭,kt,0.276,50,112,105,12,29,2,0,6,49,20,2,2,8,26,27,0.96,1,0.08,3.46,0.19,14.6,0.248
10,장성우,kt,0.276,99,365,326,41,90,14,1,11,139,60,3,7,26,93,85,1.09,9,0.45,3.9,0.15,45.9,0.255
11,하준호,kt,0.271,63,240,214,31,58,10,0,5,83,22,2,1,15,50,47,1.06,1,0.32,4.19,0.117,29.9,0.25
12,김상현,kt,0.27,100,414,366,49,99,16,0,21,178,63,0,5,37,110,72,1.53,2,0.4,4.02,0.216,57,0.276
13,김사연,kt,0.268,42,140,127,17,34,5,1,3,50,15,2,0,9,27,22,1.23,2,0.23,3.96,0.126,16.9,0.245
14,박용근,kt,0.263,27,86,76,7,20,6,0,0,26,4,3,0,6,28,13,2.15,0,0.47,3.67,0.079,7.4,0.232
15,박기혁,kt,0.262,97,274,237,21,62,10,1,1,77,18,13,0,12,68,41,1.66,1,0.32,3.91,0.063,24.5,0.23
16,송민섭,kt,0.25,28,51,44,3,11,3,1,0,16,1,5,0,4,8,12,0.67,0,0.15,3.12,0.114,3.9,0.218
16,윤도경,kt,0.25,4,4,4,0,1,0,0,0,1,1,0,0,0,1,1,1,0,0,4.25,0,0.2,0.175
18,김진곤,kt,0.236,50,73,72,10,17,1,0,0,18,6,0,0,1,23,16,1.44,0,0,3.32,0.014,3.9,0.174
19,김종민,kt,0.235,14,19,17,2,4,0,0,0,4,1,0,0,0,5,7,0.71,0,1,3.89,0,1.5,0.201
20,이지찬,kt,0.231,34,42,39,4,9,2,0,0,11,4,1,0,2,16,8,2,0,0.33,3.4,0.051,2.5,0.191
21,조중근,kt,0.222,25,39,36,4,8,0,0,1,11,2,0,0,1,13,9,1.44,0,0.5,4.26,0.083,2.9,0.203
22,신명철,kt,0.211,73,158,128,10,27,2,2,2,39,18,5,1,6,42,24,1.75,0,0.67,4.41,0.094,14.9,0.226
23,김동명,kt,0.196,21,66,51,8,10,3,0,0,13,3,1,0,3,14,11,1.27,0,0.81,4.52,0.059,6,0.23
24,문상철,kt,0.172,37,70,64,6,11,2,0,2,19,6,0,0,4,15,16,0.94,0,0.27,3.57,0.125,4.5,0.184
25,심우준,kt,0.171,88,120,117,14,20,6,0,1,29,11,1,0,7,34,33,1.03,1,0.07,3.55,0.077,2.6,0.145
26,김태훈,kt,0.167,7,18,18,1,3,1,0,0,4,0,0,0,1,3,4,0.75,0,0,3.72,0.056,0.3,0.131
26,모상기,kt,0.167,3,6,6,1,1,0,0,0,1,0,0,0,0,0,3,0,0,0,3.33,0,0,0.117
28,이창진,kt,0.158,13,20,19,1,3,1,0,0,4,0,0,0,1,4,6,0.67,0,0.17,3.4,0.053,0.6,0.143
29,김영환,kt,0.083,13,13,12,0,1,0,0,0,1,1,0,0,0,3,5,0.6,0,0.33,3.54,0,-0.2,0.09
30,배병옥,kt,0.078,43,53,51,5,4,1,0,1,8,2,0,0,2,15,14,1.07,0,0.06,3.75,0.078,-0.5,0.09
31,고영표,kt,-,1,0,0,0,0,0,0,0,0,0,0,0,0,0,0,-,0,-,-,-,0,0
31,김기표,kt,-,2,0,0,0,0,0,0,0,0,0,0,0,0,0,0,-,0,-,-,-,0,0
31,김민수,kt,-,1,0,0,0,0,0,0,0,0,0,0,0,0,0,0,-,0,-,-,-,0,0
31,김사율,kt,-,1,0,0,0,0,0,0,0,0,0,0,0,0,0,0,-,0,-,-,-,0,0
31,배우열,kt,-,1,0,0,0,0,0,0,0,0,0,0,0,0,0,0,-,0,-,-,-,0,0
31,심재민,kt,-,1,0,0,0,0,0,0,0,0,0,0,0,0,0,0,-,0,-,-,-,0,0
31,안상빈,kt,-,1,0,0,0,0,0,0,0,0,0,0,0,0,0,0,-,0,-,-,-,0,0
31,이해창,kt,0,5,4,3,0,0,0,0,0,0,0,0,0,0,1,0,-,0,0,2.5,0,0.1,0.113
31,장시환,kt,-,2,0,0,0,0,0,0,0,0,0,0,0,0,0,0,-,0,-,-,-,0,0
31,정대현,kt,-,1,0,0,0,0,0,0,0,0,0,0,0,0,0,0,-,0,-,-,-,0,0
31,홍성무,kt,-,2,1,0,0,0,0,0,0,0,1,0,1,0,0,1,0,0,-,6,-,0.4,0
31,홍성용,kt,-,1,0,0,0,0,0,0,0,0,0,0,0,0,0,0,-,0,-,-,-,0,0
31,황덕균,kt,-,1,0,0,0,0,0,0,0,0,0,0,0,0,0,0,-,0,-,-,-,0,0
1,양원혁,LG,0.5,3,2,2,2,1,0,0,0,1,1,0,0,0,1,0,-,0,-,3,0,0.4,0.35
2,서상우,LG,0.422,25,51,45,12,19,5,0,2,30,7,0,0,7,11,7,1.57,2,0.5,3.98,0.244,12,0.387
3,한나한,LG,0.327,32,126,107,17,35,9,0,4,56,22,1,3,13,24,20,1.2,3,0.39,4.38,0.196,21.3,0.311
4,백창수,LG,0.323,25,36,31,4,10,4,0,0,14,0,2,0,4,8,10,0.8,0,1,3.39,0.129,5.1,0.285
5,박용택,LG,0.303,95,394,357,47,108,19,2,14,173,55,1,5,35,94,103,0.91,5,0.49,3.84,0.182,58.4,0.281
6,정성훈,LG,0.298,94,367,299,42,89,14,1,8,129,38,5,4,23,86,73,1.18,5,0.85,3.98,0.134,54.3,0.292
7,나성용,LG,0.283,32,64,60,5,17,2,0,3,28,9,0,0,5,10,8,1.25,0,0.08,4.06,0.183,8.3,0.264
8,양석환,LG,0.281,90,271,249,26,70,15,0,7,106,34,5,3,22,47,87,0.54,2,0.29,3.97,0.145,32.3,0.249
9,이민재,LG,0.273,22,25,22,4,6,1,0,0,7,4,0,1,1,7,5,1.4,0,0.2,3.84,0.045,2.5,0.224
10,오지환,LG,0.264,106,443,386,59,102,27,4,8,161,39,3,1,39,94,99,0.95,6,0.55,4.31,0.153,58.6,0.263
11,이진영,LG,0.264,72,257,220,20,58,3,0,6,79,31,2,2,9,63,61,1.03,4,0.75,3.9,0.095,29.1,0.25
12,유강남,LG,0.26,89,203,181,18,47,7,0,6,72,24,5,1,13,44,54,0.81,2,0.27,3.74,0.138,21.6,0.243
13,황목치승,LG,0.257,23,73,70,11,18,2,1,0,22,8,0,1,3,25,18,1.39,2,0.2,3.6,0.057,5.9,0.202
14,채은성,LG,0.252,67,152,135,21,34,8,2,4,58,17,3,1,14,39,31,1.26,2,0.31,3.95,0.178,17.3,0.249
15,김용의,LG,0.251,71,199,171,30,43,5,1,0,50,15,3,0,6,51,39,1.31,1,0.58,4.11,0.041,18.8,0.229
16,손주인,LG,0.251,69,209,183,21,46,8,0,0,54,10,10,1,8,36,71,0.51,1,0.42,3.98,0.044,16.6,0.212
17,이병규,LG,0.243,70,277,230,42,56,9,1,12,103,35,1,0,22,48,43,1.12,1,0.52,4.23,0.204,39.5,0.279
18,히메네스,LG,0.235,33,138,132,15,31,9,0,4,52,17,0,1,13,21,49,0.43,2,0.13,3.83,0.159,13.7,0.216
19,임훈,LG,0.233,51,149,129,19,30,5,0,1,38,15,5,1,6,44,31,1.42,0,0.44,3.6,0.062,12.3,0.211
20,이병규,LG,0.222,35,77,72,3,16,6,0,1,25,8,0,1,7,27,17,1.59,1,0.31,3.6,0.125,5.7,0.204
21,문선재,LG,0.217,87,210,184,23,40,10,1,5,67,24,5,0,16,43,53,0.81,1,0.4,4.18,0.147,19.8,0.225
22,안익훈,LG,0.214,19,15,14,3,3,0,1,0,5,2,0,0,1,8,1,8,0,0.5,4.4,0.143,1.2,0.209
23,최경철,LG,0.209,82,187,163,22,34,6,1,3,51,17,8,1,10,39,41,0.95,2,0.22,3.97,0.104,15.6,0.202
24,박지규,LG,0.197,70,141,127,14,25,6,1,0,33,8,3,1,7,37,25,1.48,1,0.2,4.18,0.063,9,0.179
25,김영관,LG,0.143,20,21,21,2,3,0,0,1,6,2,0,0,1,7,2,3.5,0,0,3.81,0.143,0.4,0.136
26,윤진호,LG,0.083,29,13,12,3,1,0,0,0,1,1,1,0,0,4,4,1,0,0,4.08,0,-0.3,0.058
27,최승준,LG,0.077,8,31,26,0,2,0,0,0,2,1,0,1,0,7,11,0.64,0,0.57,4.35,0,0.5,0.107
28,김지용,LG,-,2,0,0,0,0,0,0,0,0,0,0,0,0,0,0,-,0,-,-,-,0,0
28,봉중근,LG,-,6,0,0,0,0,0,0,0,0,0,0,0,0,0,0,-,0,-,-,-,0,0
28,신승현,LG,-,1,0,0,0,0,0,0,0,0,0,0,0,0,0,0,-,0,-,-,-,0,0
28,유원상,LG,-,1,0,0,0,0,0,0,0,0,0,0,0,0,0,0,-,0,-,-,-,0,0
28,이동현,LG,-,4,0,0,0,0,0,0,0,0,0,0,0,0,0,0,-,0,-,-,-,0,0
28,이준형,LG,-,1,0,0,0,0,0,0,0,0,0,0,0,0,0,0,-,0,-,-,-,0,0
28,조윤준,LG,0,7,8,8,0,0,0,0,0,0,0,0,0,0,4,0,-,0,0,3.25,0,-1.1,0
28,진해수,LG,-,1,0,0,0,0,0,0,0,0,0,0,0,0,0,0,-,0,-,-,-,0,0
28,최동환,LG,-,1,0,0,0,0,0,0,0,0,0,0,0,0,0,0,-,0,-,-,-,0,0
1,테임즈,NC,0.376,104,444,356,104,134,30,5,37,285,107,0,5,72,56,101,0.55,9,1.09,3.94,0.424,120.6,0.42
2,박광열,NC,0.316,30,20,19,2,6,1,0,0,7,3,0,1,1,7,3,2.33,1,0,3.5,0.053,1.7,0.227
3,나성범,NC,0.316,106,459,412,81,130,23,2,19,214,87,2,7,44,96,96,1,14,0.24,3.64,0.204,79,0.295
4,박민우,NC,0.308,103,452,386,78,119,23,5,2,158,31,2,4,30,104,91,1.14,1,0.62,4.15,0.101,68,0.281
5,김종호,NC,0.3,104,402,353,76,106,16,5,4,144,32,10,2,25,128,64,2,5,0.58,3.79,0.108,54.9,0.265
6,김성욱,NC,0.297,89,123,111,22,33,6,0,2,45,17,0,0,8,16,29,0.55,0,0.27,3.59,0.108,15.7,0.266
7,이호준,NC,0.295,99,404,353,36,104,23,0,19,184,90,3,2,42,97,74,1.31,5,0.55,3.99,0.227,62.5,0.299
8,지석훈,NC,0.276,101,349,312,35,86,11,0,6,115,31,7,3,17,98,65,1.51,4,0.29,3.67,0.093,39.5,0.241
9,조영훈,NC,0.269,72,88,78,12,21,4,0,5,40,19,1,1,9,18,19,0.95,2,0.38,4.05,0.244,14.1,0.278
10,이종욱,NC,0.268,102,416,365,53,98,21,2,3,132,40,3,2,26,99,109,0.91,6,0.72,3.91,0.093,49.4,0.248
11,김태군,NC,0.257,106,349,315,27,81,18,0,4,111,38,7,7,22,87,91,0.96,3,0.19,3.66,0.095,33.5,0.221
12,모창민,NC,0.257,70,158,144,14,37,11,0,4,60,22,2,1,15,32,33,0.97,0,0.26,3.79,0.16,18.7,0.243
13,조평호,NC,0.25,10,8,8,2,2,1,0,0,3,0,0,0,1,1,2,0.5,0,0,3.88,0.125,0.7,0.206
14,용덕한,NC,0.23,68,139,122,12,28,6,0,1,37,13,5,0,7,51,20,2.55,1,0.35,3.35,0.074,11.7,0.21
15,최재원,NC,0.229,82,57,48,20,11,4,0,1,18,8,1,0,5,11,12,0.92,0,0.43,3.96,0.146,7.7,0.246
16,손시헌,NC,0.226,102,370,318,40,72,18,2,7,115,45,11,4,27,109,89,1.22,6,0.48,3.63,0.135,36.7,0.227
17,윤병호,NC,0.125,7,8,8,0,1,0,0,0,1,0,0,0,0,4,0,-,0,0,4.13,0,-0.2,0.088
18,노진혁,NC,0.097,52,33,31,3,3,2,0,0,5,1,1,0,2,9,12,0.75,0,0.14,3.97,0.065,-0.3,0.097
19,강민국,NC,0,1,2,2,0,0,0,0,0,0,0,0,0,0,0,1,0,0,0,4.5,0,-0.2,0
19,강장산,NC,-,2,0,0,0,0,0,0,0,0,0,0,0,0,0,0,-,0,-,-,-,0,0
19,고창성,NC,-,1,0,0,0,0,0,0,0,0,0,0,0,0,0,0,-,0,-,-,-,0,0
19,김태진,NC,0,1,3,3,0,0,0,0,0,0,0,0,0,0,3,0,-,0,-,4,0,-0.3,0
19,마낙길,NC,-,1,0,0,0,0,0,0,0,0,0,0,0,0,0,0,-,0,-,-,-,-0.3,0
19,민성기,NC,-,3,0,0,0,0,0,0,0,0,0,0,0,0,0,0,-,0,-,-,-,0,0
19,박정준,NC,0,2,2,2,0,0,0,0,0,0,0,0,0,0,1,0,-,0,0,3.5,0,-0.2,0
19,손민한,NC,-,1,0,0,0,0,0,0,0,0,0,0,0,0,0,0,-,0,-,-,-,0,0
19,이민호,NC,-,1,0,0,0,0,0,0,0,0,0,0,0,0,0,0,-,0,-,-,-,0,0
19,이창섭,NC,0,8,3,2,0,0,0,0,0,0,0,0,0,0,0,1,0,0,1,4.67,0,0.2,0.15
19,이태양,NC,-,1,0,0,0,0,0,0,0,0,0,0,0,0,0,0,-,0,-,-,-,0,0
19,이혜천,NC,-,2,0,0,0,0,0,0,0,0,0,0,0,0,0,0,-,0,-,-,-,0,0
19,임정호,NC,-,1,0,0,0,0,0,0,0,0,0,0,0,0,0,0,-,0,-,-,-,0,0
19,임창민,NC,-,1,0,0,0,0,0,0,0,0,0,0,0,0,0,0,-,0,-,-,-,0,0
19,최금강,NC,-,1,0,0,0,0,0,0,0,0,0,0,0,0,0,0,-,0,-,-,-,0,0
19,황윤호,NC,0,10,6,5,2,0,0,0,0,0,0,0,0,0,1,3,0.33,0,1,3.5,0,-0.1,0.075
1,이진석,SK,0.5,4,2,2,1,1,0,0,0,1,0,0,0,0,0,0,-,0,0,6.5,0,0.1,0.35
2,홍명찬,SK,0.333,5,3,3,0,1,0,0,0,1,0,0,0,0,0,0,-,0,0,3.33,0,0.3,0.233
3,이명기,SK,0.326,96,409,365,65,119,21,1,1,145,23,9,3,23,120,69,1.74,0,0.43,3.87,0.071,52.4,0.269
4,최정,SK,0.312,68,287,237,37,74,16,0,14,132,49,1,2,30,33,68,0.49,7,0.67,4.22,0.245,54.6,0.33
5,최정민,SK,0.308,7,15,13,1,4,0,0,0,4,2,1,0,0,5,1,5,0,0.33,3.6,0,1.5,0.238
6,김연훈,SK,0.297,26,45,37,3,11,1,0,1,15,1,4,0,2,10,9,1.11,0,0.43,3.4,0.108,5.5,0.266
7,이재원,SK,0.296,99,417,361,45,107,15,1,11,157,86,0,4,27,85,107,0.79,11,0.67,3.66,0.139,57.4,0.28
8,김성현,SK,0.286,87,296,269,29,77,11,0,6,106,29,5,1,17,84,77,1.09,3,0.59,3.54,0.108,32.1,0.25
9,허웅,SK,0.286,13,16,14,2,4,1,0,0,5,3,0,0,1,1,7,0.14,0,1,3.88,0.071,2,0.258
10,박정권,SK,0.281,82,336,295,40,83,20,0,12,139,42,3,0,32,70,60,1.17,2,0.45,4.07,0.19,47.8,0.281
11,조동화,SK,0.28,89,227,182,29,51,4,1,2,63,14,18,2,7,55,37,1.49,1,0.54,4.18,0.066,28.5,0.25
12,정의윤,SK,0.274,49,129,113,12,31,4,0,3,44,23,0,1,7,22,35,0.63,2,0.38,3.83,0.115,15.6,0.258
13,김강민,SK,0.267,55,216,195,31,52,11,0,3,72,19,0,0,14,47,45,1.04,5,0.31,3.88,0.103,23,0.244
13,브라운,SK,0.267,98,408,345,62,92,14,2,24,182,60,0,1,40,97,70,1.39,8,0.63,3.95,0.261,67.3,0.302
15,나주환,SK,0.262,73,216,195,24,51,11,0,3,71,16,9,1,14,52,55,0.95,2,0.26,3.95,0.103,19,0.226
16,박진만,SK,0.259,63,137,112,11,29,3,0,2,38,11,2,0,5,24,41,0.59,1,1.17,4.15,0.08,15.5,0.258
17,정상호,SK,0.252,78,248,214,29,54,9,1,8,89,38,6,0,18,50,48,1.04,3,0.24,3.88,0.164,31.4,0.257
18,유서준,SK,0.25,7,5,4,3,1,0,0,0,1,0,0,0,0,0,2,0,0,1,3.8,0,0.6,0.243
19,박재상,SK,0.249,74,214,185,26,46,8,2,5,73,25,2,1,15,49,53,0.92,3,0.61,4.34,0.146,26.5,0.252
20,박계현,SK,0.24,75,241,208,23,50,2,0,0,52,18,11,1,2,81,42,1.93,0,0.47,3.77,0.01,18.8,0.202
21,윤중환,SK,0.24,15,28,25,1,6,0,0,1,9,4,0,0,1,8,5,1.6,0,0.5,4.43,0.12,2.9,0.234
22,김민식,SK,0.167,23,26,24,4,4,0,0,0,4,0,0,0,0,11,7,1.57,0,1,3.73,0,0.1,0.146
22,이대수,SK,0.167,11,21,18,1,3,1,0,0,4,1,2,0,1,2,4,0.5,0,0.11,3.67,0.056,0,0.15
24,박윤,SK,0.087,11,25,23,1,2,0,0,0,2,0,1,0,0,8,3,2.67,0,0,3.4,0,-1,0.078
25,김재현,SK,0.071,25,15,14,8,1,0,1,0,3,0,0,0,1,6,2,3,0,0,4.33,0.143,0.2,0.113
26,안정광,SK,0.067,8,15,15,0,1,0,0,0,1,1,0,0,0,4,4,1,0,0,3.6,0,-0.8,0.047
27,고효준,SK,-,1,0,0,0,0,0,0,0,0,0,0,0,0,0,0,-,0,-,-,-,0,0
27,박정배,SK,-,1,0,0,0,0,0,0,0,0,0,0,0,0,0,0,-,0,-,-,-,0,0
27,박철우,SK,-,4,0,0,0,0,0,0,0,0,0,0,0,0,0,0,-,0,-,-,-,0,0
27,서진용,SK,-,1,0,0,0,0,0,0,0,0,0,0,0,0,0,0,-,0,-,-,-,0,0
27,신재웅,SK,-,1,0,0,0,0,0,0,0,0,0,0,0,0,0,0,-,0,-,-,-,0,0
27,이재영,SK,-,1,0,0,0,0,0,0,0,0,0,0,0,0,0,0,-,0,-,-,-,0,0
27,이창욱,SK,-,1,0,0,0,0,0,0,0,0,0,0,0,0,0,0,-,0,-,-,-,0,0
27,이한진,SK,-,1,0,0,0,0,0,0,0,0,0,0,0,0,0,0,-,0,-,-,-,0,0
27,정우람,SK,-,4,0,0,0,0,0,0,0,0,0,0,0,0,0,0,-,0,-,-,-,0,0
