[신춘문예 동화 당선작] ‘401호 욕할매’,2015.12.31
"레드벨벳, 롤링스톤지 올해의 MV 톱10 선정 '아시아 유일'",2015.12.25
"스타워즈 마케팅, 잠자던 소비의식 깨웠다고 전해라",2015.12.22
"작은 사치로 큰 행복… 고급 디저트, 마트서도 인기",2015.12.20
"'프로듀스 101' 장근석, 섹시한 입술로 ""키스해~주세요~""",2015.12.18
"AOA 초아, 혼자서도 충분한 음원 파워",2015.12.17
"석유시설 공습에도… IS, 세금 약탈로 지하드 경제 유지",2015.12.15
"'마녀의 성' 이해인, 귀여운 ",2015.12.15
한국 과자ㆍ음료…중국에서 '제2전성기',2015.12.13
"왕년의 음료·과자, 중국선 ‘제2 전성기’",2015.12.13
바삭달콤 ‘오레오 아포가토’ 만들기,2015.12.09
"드라마도, 광고도 '백투더 1988'… 류준열-혜리, 과거 CF 리메이크",2015.12.07
“군민이 행복한 살 맛나는 고성 만들터”,2015.12.06
[뒤끝뉴스] ‘DMZ 애착’ 원혜영 의원의 꿈,2015.12.01
[신상품] 파리바게뜨 '데일리주스' 2종 外,2015.11.30
이휘재 아들 서언·서준이 반한 정시아 딸 '백서우',2015.11.30
"'슈퍼맨이 돌아왔다' 정시아 딸 서우, 인형미모 눈길",2015.11.30
"'응답하라 1988' 진주, 한 겨울 추위도 녹인 순수함",2015.11.27
생명의 자각… 참다운 삶… 품격 있는 헤어짐을 희망하며,2015.11.27
"‘응팔’ 덕분에… 반갑구만, 반갑습니다",2015.11.27
시청자가 뽑는다… 'JTBC 어워드 2015' 온라인 투표 진행,2015.11.26
연극 ‘쥐덫’이 63년 전 초연되다,2015.11.25
"“단맛은 중독된다” WHO, 당분과의 전쟁 선포",2015.11.23
"키친보리에 / 50년 전통 ‘대도식당’ 직영화, ‘핑거스앤챗’ 등 외식사업 영토 확장",2015.11.19
"삼익유가공 / 영양 풍부한 유청 국산화, 유가공산업 발전 큰 기여",2015.11.19
"'비정상회담' 은지원, 나이 많은 팬이 새벽에 찾아와...경악",2015.11.17
"'오 마이 비너스' 신민아, 정겨운과 첫 만남 """,2015.11.16
"'친구엄마' 공자관 감독 ""친구엄마와의 로맨스는 남자 판타지""",2015.11.16
유럽서 물보다 싼 우유… 리터당 1달러 ‘소가 울 판’,2015.11.14
"롯데푸드, '이츠 케이크' 출시",2015.11.05
"브아걸 새 앨범 프리뷰 공개, 강한 언니들이 돌아왔다",2015.10.30
"'그녀는 예뻤다' 정다빈, ",2015.10.30
금주의 유튜브 인기 TOP7 (10월 3주차),2015.10.24
"캘리포니아 꿈의 드라이브... 짙푸른 대양 눈부신 태양, 차창은 온통 황홀경",2015.10.21
"브레쉬에비뉴, 페이뱅크와 전략적 제휴 체결",2015.10.18
한국산 인삼음료와 ,2015.10.18
스타벅스엔 반려견 위한 비밀 메뉴가 있다?,2015.10.15
"'라디오스타' 황재근, 홍석천으로 오해받아? ""커밍아웃맨~""",2015.10.15
"식약처, 프랜차이즈의 영양성분 표시 준수 여부 점검 나서",2015.10.13
"디올 카페·고메 쿠튀르… 패션, 푸드를 입다",2015.10.06
"롯데푸드 '구구콘 캬라멜로', 출시 5개월 만에 판매량 400만개 돌파",2015.09.24
실크로드 동쪽 끝으로… 47개국 문화특급이 달려왔다,2015.09.24
"현대자동차그룹, ""아이가 편안한 귀성길 되려면""",2015.09.24
"어바웃미, 공식 홈페이지 리뉴얼 기념 SNS 프로모션 진행",2015.09.22
연어의 무한 변주곡… 여성의 오감을 홀리다,2015.09.17
"대현프리몰 대구점, 추석 맞이 '한가위 큰잔치' 행사",2015.09.15
로봇 박사 데니스 홍처럼 창의력 키우려면…,2015.09.11
"엠파크 이지옥션, 론칭 1주년 기념 ‘축하카드 이벤트’",2015.09.09
"레드벨벳, 빌보드 음악 서평 재조명 '쟈넷 잭슨 연상'",2015.09.09
‘가짜 유기농 빵’ 꼼짝마! 일제 단속,2015.09.09
,2015.09.08
"브레쉬에비뉴, '스탬프백' 서비스 도입",2015.09.08
"레드벨벳 ""처음엔 아무 것도 몰랐다면 지금은...""",2015.09.08
"우유 남지만 , 유제품 수입 증가 왜?",2015.09.06
남북 화해무드 1번지에서… 국내외 건각들 평화메시지 띄운다,2015.09.04
노란 들녘의 대합창... 늘 평화이게 하소서,2015.09.02
"""각본 없는 군대놀이 상황극, 내면화된 군대문화 보여 줘""",2015.08.30
먹고 남은 ,2015.08.28
블론디 (8월 28일자),2015.08.27
very Kapai time,2015.08.27
LIFESTYLE news,2015.08.27
"""생수 주세요"" 줄 잇는다면… 거리는 푹푹 찌는 30도",2015.08.24
[삶과 문화] 이 시대의 자유여행법,2015.08.24
이런 아파트서 살고 싶죠? 체험형 분양 이벤트 붐,2015.08.21
일반음식점과 유흥주점의 차이는?,2015.08.20
"식약처, 클럽→유흥주점으로 허가 변경해야",2015.08.20
"여름철 데이트, '몰링 데이트족'이 뜬다",2015.08.19
"""그녀는 실성한 사람처럼 공포의 바다로…""",2015.08.19
"여름철 데이트, ‘몰링 데이트족’이 뜬다",2015.08.18
"엔시아, 글로벌 시장 겨냥 '화이트 제이드 브라이트너 크림' 출시",2015.08.18
"KGC인삼공사 홍삼쿨, 몸에 좋고 칼로리 낮아 ‘인기’",2015.08.16
팔순에야 받게 된 유공자 연금… 고생한 세월 서럽기만,2015.08.12
"현아, 더 세게 돌아온다 '1년 만에 솔로 컴백'",2015.08.10
"현아, 컴백! '숨 막힐듯한 아찔한 뒤태'",2015.08.10
핫소스를 색다르게 먹는 몇가지 방법,2015.08.07
반려동물이 여름을 나는 완벽한 방법,2015.08.06
나라 별 국민간식 10선,2015.08.04
꼭 봐야 할 아침뉴스 7 (8월 4일 화요일),2015.08.04
[고영권의 On the road] 관심은 다른 곳에,2015.08.03
블론디 (8월4일자),2015.08.03
"롯데백화점, '롯데아울렛과 떠나는 썸머 바캉스' 진행",2015.08.03
"타임스퀘어, 셀렉트 다이닝 숍 '오버 더 디쉬' 오픈",2015.08.03
시장자본주의 대안은 산촌자본주의,2015.07.31
무안 연꽃축제 다음달 13일 개막,2015.07.30
"타임스퀘어, 셀렉트 다이닝 숍 ‘오버 더 디쉬’ 오픈",2015.07.30
여름철 이색 상품도 확인하고 ,2015.07.30
"배수정, 음악방송 보다 버스킹 먼저!",2015.07.30
미니언즈ㆍ엘사 등 캐릭터 마케팅에 매출 급증,2015.07.30
대만 명물 ‘땅콩 ,2015.07.27
"배수정, '복면가왕' 소감 ""많이 아쉽다""",2015.07.27
과일 속 ,2015.07.24
건강을 생각한다면… 신선한 프로바이오틱스,2015.07.24
여성만을 위한 제주 올레 여행 상품 출시,2015.07.23
[그 X가 알고싶다] '신호등 치킨' 맛 어떻길래,2015.07.22
"""푸드트럭 창업하세요"" 4000만원 저리 지원",2015.07.21
제목으로 보는 경제뉴스 (07.21),2015.07.21
찬물에 잘녹는 홍삼쿨 여름에도 잘 나가네,2015.07.21
디자인 아쉽지만… 성능·가격 경쟁력 뛰어나,2015.07.20
"이소연, '진짜 사나이' 내레이션",2015.07.19
"아모제푸드, 인천국제공항 4층 전문식당가에 '고메 디저트' 오픈",2015.07.14
"아모제푸드, 인천국제공항 4층 전문식당가에 ‘고메 디저트’ 오픈",2015.07.13
혈압 체크하러 온 공무원 덕에… 평생의 꿈 이룬 할머니의 삐뚤빼둘 손편지,2015.07.09
롯데푸드의 구구 ,2015.07.08
'희망 새로고침' 다시 구르는 수레바퀴 인생,2015.07.08
롯데푸드의 구구 ,2015.07.07
"카페리맨즈 신메뉴 2종 '새우 오므라이스, 홍시 눈꽃빙수' 출시",2015.07.07
"카페리맨즈 신메뉴 2종 ‘새우 오므라이스, 홍시 눈꽃빙수’ 출시",2015.07.06
"AK플라자, 여름 완전정복 세일 행사",2015.07.06
펑리위안도 반한 '김수현 파워',2015.07.02
"네스프레소, 여름맞이 아이스 레시피 캠페인 진행",2015.07.02
아들의 '배신'… 녀석은 이제 엄마만 찾는다,2015.07.01
"해태제과, 여름맞이 이벤트 진행",2015.06.30
"'상류사회' 유이, 여유로운 디저트 타임 즐겨",2015.06.30
"해태제과, 여름맞이 이벤트 진행",2015.06.29
"‘상류사회’ 유이, 여유로운 디저트 타임 즐겨",2015.06.29
"가라앉은 소비 심리, '여름세일'로 다시 살린다!",2015.06.22
"가라앉은 소비 심리, ‘여름세일’로 다시 살린다!",2015.06.21
"'쿨'한 마케팅, 얼려먹는 제품이 대세",2015.06.21
"감자튀김, 색다르게 먹는 방법",2015.06.19
밥이 보약인가요? 반찬이 보약인가요?,2015.06.18
"‘쿨’한 마케팅, 얼려먹는 제품이 대세",2015.06.18
"해태제과, 리얼 망고 ",2015.06.18
"해태제과, 리얼 망고 ",2015.06.17
이른 무더위에 냉동과일·빙과류 온라인 주문 급증,2015.06.17
과일의 여왕 체리로 상큼한 디저트 3선,2015.06.16
아파트 관리비 시시콜콜 따져봐야 하는 이유,2015.06.14
"커피대신 특별함을 마신다, 요즘 대세 카페 메뉴",2015.06.14
"세계 최고의 맛과 향, 티냐넬로 빚어내는 하나뿐인 땅",2015.06.11
"커피대신 특별함을 마신다, 요즘 대세 카페 메뉴",2015.06.11
"유통업계, 브랜드 창립 기념 '통크거나 특별하거나' 색다른 이벤트 열전",2015.06.08
"""삼시세끼 챙겨 먹고 미지근한 물 많이 마시면 면역력 도움""",2015.06.07
"단언컨대, 먹방의 진수는 ‘등산 먹방’",2015.06.07
바나나맛우유ㆍ메로나 수출 확대,2015.06.03
롯데푸드 삼강하드 재 출시,2015.06.03
48주 연속 1위… '삼둥이 우애' 너무 귀여워,2015.06.02
골프웨어 시장에 불황은 없다,2015.05.24
블론디 (5월22일자),2015.05.21
"'평양' 노래 만든 英밴드 블러 ""북한 사람들 주문에 걸린 듯""",2015.05.20
"맥도날드, 전현무와 이색 소비자 행사 펼쳐",2015.05.20
"초등학생 15%만 ""아버지와 대화해요'",2015.05.18
"야구 연습하다 얼굴에… ""아이유""",2015.05.15
"나영석PD ""프로듀사? 무섭다~한 달만 버티자!""",2015.05.13
숲 지나 펼쳐진 초록바다 가슴이 뻥~,2015.05.12
제주올레 3-B코스 개장,2015.05.10
도시락 싸들고 서울역고가도로서 봄소풍 즐기세요,2015.05.07
"베스티 ""속옷 의상? 저희가 직접 기획""",2015.05.06
"메이블린 뉴욕, '100주년 기념의 해' 맞아 5월 다채로운 행사 진행",2015.05.03
'아버지 뭐하시노?' 무시 못할 루키들의 후광효과,2015.05.02
"현직 부장검사, 술 취해 후배 여검사 성희롱 발언",2015.05.01
"배스킨라빈스, 5월 이달의 맛 '무비씨어터팝콘' 출시",2015.04.30
,2015.04.30
식품 권장가 미표기에 소비자 혼란 깊어져,2015.04.29
"신수지, 달콤한 젤라또 입고 매력 포텐 터뜨려",2015.04.28
"신동빈 롯데 회장 “변화에 민첩하게 대응하는 인재 키워야""",2015.04.27
"""1조 특수 잡아라"" 어벤져스2 열풍!",2015.04.27
"[편집국에서] 헐한 땅, 헐한 꿈",2015.04.21
[TV] ▶KBS1 ‘생로병사의 비밀’ (오후 10시),2015.04.21
"휠라 골프(FILA GOLF), ‘젤라또 티셔츠’ 출시",2015.04.20
해태제과 ‘부라보콘’ 이벤트 연다,2015.04.16
"온라인쇼핑몰 AK몰, ‘모바일 앱데이’ 진행",2015.04.12
"열 살 비만 여든 가기 전, 정크푸드를 막아라",2015.04.09
"파리바게뜨 ""12일 ‘디저트 데이’프랑스 마카롱을 맛보세요""",2015.04.09
키워드로 본 2015 마스터스,2015.04.07
집에서 ,2015.04.07
"레드벨벳 Ice Cream Cake, 차트 1위 이어 빌보드까지 집중조명",2015.03.30
브리핑/ 미녀는 괴로워 김용화 감독 17세 연하 결혼 外,2015.03.29
"[뷰티한국]달콤한 딸기 컬러, '아이스 스트로베리'를 입자",2015.03.29
[뷰티한국]제주도로 떠나는 특색 있는 봄철 요리 여행,2015.03.28
"맛깔스런 음식이야기, 인문학의 성찬이 되다",2015.03.27
어르신들 참견은 농사돕기뿐… 불가근불가원 운운하던 내가 부끄럽다,2015.03.27
"레드벨벳, '제2의 소녀시대' 퍼포먼스의 비밀",2015.03.24
"레드벨벳 음반·음원 1위, 씨엘씨-러블리즈 적수 안돼",2015.03.23
레드벨벳 'Ice Cream Cake'로 제2의 소녀시대 되나,2015.03.18
벌꿀 가미한 ,2015.03.18
해태. 허니아이스 출시,2015.03.16
[인스타스타] 손담비,2015.03.16
"레드벨벳 Ice Cream Cake, ",2015.03.16
"[브리핑] 레드벨벳, ‘",2015.03.16
"美 환자 3명, 오염된 ",2015.03.16
[뷰티한국]삼겹살 전문? 스시 전문? 다양한 맛 품은 맛집 브랜드 '인기',2015.03.15
빈대족이 커피빈 콧대 꺾었다,2015.03.11
"레드벨벳, 새 멤버 예리 합류…5인조 출격",2015.03.11
"[뷰티한국]G마켓, 화이트데이 앞두고 '초콜릿 사탕'매출 3배 상승",2015.03.09
[신상품],2015.03.08
바다표범 간 먹고… 그린란드 종주의 날카로운 기억들,2015.03.06
"'나홀로 연애중' 강민경, 남심 사로잡는 '헬스 여신'",2015.03.06
"특허청, 소프트리 창작디자인 인정",2015.03.04
"건강하게 사는 의학상식, 최일훈 당당훈훈",2015.03.04
"[뷰티한국]길동카페 먼데이커피, 고급 수제 마카롱 ",2015.02.25
"[뷰티한국]자연이 만든 레시피, 이색 블로그 오픈 눈길",2015.02.23
[삶과 문화] 보이후드의 시간,2015.02.16
[뷰티한국]생기 가득한 2015 봄 시즌 침구 트렌드는?,2015.02.16
"배스킨라빈스, 설 맞아 다양한 제품 및 프로모션 선보여",2015.02.15
[기고] 새 학기 일선 학교가 해야 할 일,2015.02.10
한식의 재해석...새 트렌드로,2015.02.09
"[뷰티한국]봄철 딸기 디저트 ""어디까지 가봤니?""",2015.02.08
"배스킨라빈스, 2월 이달의 맛 ‘핑크 미니’ 출시 外",2015.02.01
겨울철 추천 간식과 비추천 간식,2015.01.29
아이폰 작년4분기 미국 시장점유율 50％ 外,2015.01.25
콜드스톤 수익금 다문화가정 기부,2015.01.25
"서울랜드, 안성팜랜드와 MOU체결 外",2015.01.12
"롯데리아, 라면버거 출시 3일만에 18만개 판매 돌파 外",2015.01.11
"[뷰티한국]리츠칼튼 서울, '고품격 딸기 디저트 이젠 호텔에서 즐기자'",2015.01.08
기름기로 체중감량? '지방 다이어트' 효과 있을까,2015.01.08
겨울에 먹는 ,2015.01.07
"아이더, 2015년 신년맞이 고객감사 페스티벌 진행 外",2015.01.05
"던킨도너츠, ‘해피뉴이어’ 프로모션 진행 外",2015.01.04
[뷰티한국]새해와 함께 찾아온 다양한 이벤트들,2015.01.03
"서울랜드, 안성팜랜드와 MOU체결 外",2015.01.12
"롯데리아, 라면버거 출시 3일만에 18만개 판매 돌파 外",2015.01.11
"[뷰티한국]리츠칼튼 서울, '고품격 딸기 디저트 이젠 호텔에서 즐기자'",2015.01.08
기름기로 체중감량? '지방 다이어트' 효과 있을까,2015.01.08
겨울에 먹는 ,2015.01.07
"아이더, 2015년 신년맞이 고객감사 페스티벌 진행 外",2015.01.05
"던킨도너츠, ‘해피뉴이어’ 프로모션 진행 外",2015.01.04
[뷰티한국]새해와 함께 찾아온 다양한 이벤트들,2015.01.03
"서울랜드, 안성팜랜드와 MOU체결 外",2015.01.12
"롯데리아, 라면버거 출시 3일만에 18만개 판매 돌파 外",2015.01.11
"[뷰티한국]리츠칼튼 서울, '고품격 딸기 디저트 이젠 호텔에서 즐기자'",2015.01.08
기름기로 체중감량? '지방 다이어트' 효과 있을까,2015.01.08
겨울에 먹는 ,2015.01.07
"아이더, 2015년 신년맞이 고객감사 페스티벌 진행 外",2015.01.05
"던킨도너츠, ‘해피뉴이어’ 프로모션 진행 外",2015.01.04
[뷰티한국]새해와 함께 찾아온 다양한 이벤트들,2015.01.03
"서울랜드, 안성팜랜드와 MOU체결 外",2015.01.12
"롯데리아, 라면버거 출시 3일만에 18만개 판매 돌파 外",2015.01.11
"[뷰티한국]리츠칼튼 서울, '고품격 딸기 디저트 이젠 호텔에서 즐기자'",2015.01.08
기름기로 체중감량? '지방 다이어트' 효과 있을까,2015.01.08
겨울에 먹는 ,2015.01.07
"아이더, 2015년 신년맞이 고객감사 페스티벌 진행 外",2015.01.05
"던킨도너츠, ‘해피뉴이어’ 프로모션 진행 外",2015.01.04
[뷰티한국]새해와 함께 찾아온 다양한 이벤트들,2015.01.03
"서울랜드, 안성팜랜드와 MOU체결 外",2015.01.12
"롯데리아, 라면버거 출시 3일만에 18만개 판매 돌파 外",2015.01.11
"[뷰티한국]리츠칼튼 서울, '고품격 딸기 디저트 이젠 호텔에서 즐기자'",2015.01.08
기름기로 체중감량? '지방 다이어트' 효과 있을까,2015.01.08
겨울에 먹는 ,2015.01.07
"아이더, 2015년 신년맞이 고객감사 페스티벌 진행 外",2015.01.05
"던킨도너츠, ‘해피뉴이어’ 프로모션 진행 外",2015.01.04
[뷰티한국]새해와 함께 찾아온 다양한 이벤트들,2015.01.03
"서울랜드, 안성팜랜드와 MOU체결 外",2015.01.12
"롯데리아, 라면버거 출시 3일만에 18만개 판매 돌파 外",2015.01.11
"[뷰티한국]리츠칼튼 서울, '고품격 딸기 디저트 이젠 호텔에서 즐기자'",2015.01.08
기름기로 체중감량? '지방 다이어트' 효과 있을까,2015.01.08
겨울에 먹는 ,2015.01.07
"아이더, 2015년 신년맞이 고객감사 페스티벌 진행 外",2015.01.05
"던킨도너츠, ‘해피뉴이어’ 프로모션 진행 外",2015.01.04
[뷰티한국]새해와 함께 찾아온 다양한 이벤트들,2015.01.03
"서울랜드, 안성팜랜드와 MOU체결 外",2015.01.12
"롯데리아, 라면버거 출시 3일만에 18만개 판매 돌파 外",2015.01.11
"[뷰티한국]리츠칼튼 서울, '고품격 딸기 디저트 이젠 호텔에서 즐기자'",2015.01.08
기름기로 체중감량? '지방 다이어트' 효과 있을까,2015.01.08
겨울에 먹는 ,2015.01.07
"아이더, 2015년 신년맞이 고객감사 페스티벌 진행 外",2015.01.05
"던킨도너츠, ‘해피뉴이어’ 프로모션 진행 外",2015.01.04
[뷰티한국]새해와 함께 찾아온 다양한 이벤트들,2015.01.03
"서울랜드, 안성팜랜드와 MOU체결 外",2015.01.12
"롯데리아, 라면버거 출시 3일만에 18만개 판매 돌파 外",2015.01.11
"[뷰티한국]리츠칼튼 서울, '고품격 딸기 디저트 이젠 호텔에서 즐기자'",2015.01.08
기름기로 체중감량? '지방 다이어트' 효과 있을까,2015.01.08
겨울에 먹는 ,2015.01.07
"아이더, 2015년 신년맞이 고객감사 페스티벌 진행 外",2015.01.05
"던킨도너츠, ‘해피뉴이어’ 프로모션 진행 外",2015.01.04
[뷰티한국]새해와 함께 찾아온 다양한 이벤트들,2015.01.03
"서울랜드, 안성팜랜드와 MOU체결 外",2015.01.12
"롯데리아, 라면버거 출시 3일만에 18만개 판매 돌파 外",2015.01.11
"[뷰티한국]리츠칼튼 서울, '고품격 딸기 디저트 이젠 호텔에서 즐기자'",2015.01.08
기름기로 체중감량? '지방 다이어트' 효과 있을까,2015.01.08
겨울에 먹는 ,2015.01.07
"아이더, 2015년 신년맞이 고객감사 페스티벌 진행 外",2015.01.05
"던킨도너츠, ‘해피뉴이어’ 프로모션 진행 外",2015.01.04
[뷰티한국]새해와 함께 찾아온 다양한 이벤트들,2015.01.03
"서울랜드, 안성팜랜드와 MOU체결 外",2015.01.12
"롯데리아, 라면버거 출시 3일만에 18만개 판매 돌파 外",2015.01.11
"[뷰티한국]리츠칼튼 서울, '고품격 딸기 디저트 이젠 호텔에서 즐기자'",2015.01.08
기름기로 체중감량? '지방 다이어트' 효과 있을까,2015.01.08
겨울에 먹는 ,2015.01.07
"아이더, 2015년 신년맞이 고객감사 페스티벌 진행 外",2015.01.05
"던킨도너츠, ‘해피뉴이어’ 프로모션 진행 外",2015.01.04
[뷰티한국]새해와 함께 찾아온 다양한 이벤트들,2015.01.03
"서울랜드, 안성팜랜드와 MOU체결 外",2015.01.12
"롯데리아, 라면버거 출시 3일만에 18만개 판매 돌파 外",2015.01.11
"[뷰티한국]리츠칼튼 서울, '고품격 딸기 디저트 이젠 호텔에서 즐기자'",2015.01.08
기름기로 체중감량? '지방 다이어트' 효과 있을까,2015.01.08
겨울에 먹는 ,2015.01.07
"아이더, 2015년 신년맞이 고객감사 페스티벌 진행 外",2015.01.05
"던킨도너츠, ‘해피뉴이어’ 프로모션 진행 外",2015.01.04
[뷰티한국]새해와 함께 찾아온 다양한 이벤트들,2015.01.03
"서울랜드, 안성팜랜드와 MOU체결 外",2015.01.12
"롯데리아, 라면버거 출시 3일만에 18만개 판매 돌파 外",2015.01.11
"[뷰티한국]리츠칼튼 서울, '고품격 딸기 디저트 이젠 호텔에서 즐기자'",2015.01.08
기름기로 체중감량? '지방 다이어트' 효과 있을까,2015.01.08
겨울에 먹는 ,2015.01.07
"아이더, 2015년 신년맞이 고객감사 페스티벌 진행 外",2015.01.05
"던킨도너츠, ‘해피뉴이어’ 프로모션 진행 外",2015.01.04
[뷰티한국]새해와 함께 찾아온 다양한 이벤트들,2015.01.03
"서울랜드, 안성팜랜드와 MOU체결 外",2015.01.12
"롯데리아, 라면버거 출시 3일만에 18만개 판매 돌파 外",2015.01.11
"[뷰티한국]리츠칼튼 서울, '고품격 딸기 디저트 이젠 호텔에서 즐기자'",2015.01.08
기름기로 체중감량? '지방 다이어트' 효과 있을까,2015.01.08
겨울에 먹는 ,2015.01.07
"아이더, 2015년 신년맞이 고객감사 페스티벌 진행 外",2015.01.05
"던킨도너츠, ‘해피뉴이어’ 프로모션 진행 外",2015.01.04
[뷰티한국]새해와 함께 찾아온 다양한 이벤트들,2015.01.03
